Type,Name
Puzzle,repeat-n
Puzzle,repeat-o
Puzzle,repeat-l
Puzzle,repeat-m
Puzzle,repeat-j
Puzzle,repeat-h
Puzzle,repeat-i
Puzzle,repeat-f
Puzzle,repeat-g
Puzzle,repeat-e
Puzzle,repeat-b
Puzzle,repeat-c
Puzzle,repeat-a
Puzzle,repeat-z
Puzzle,repeat-x
Puzzle,repeat-y
Puzzle,repeat-w
Puzzle,repeat-t
Puzzle,repeat-u
Puzzle,repeat-r
Puzzle,repeat-s
Puzzle,repeat-p
Puzzle,repeat-q
Puzzle,repeat-gg
Puzzle,sequential-g
Puzzle,sequential-d
Puzzle,sequential-c
Puzzle,dotogether-f
Puzzle,dotogether-g
Puzzle,dotogether-d
Puzzle,dotogether-e
Puzzle,dotogether-b
Puzzle,dotogether-c
Puzzle,dotogether-a
Puzzle,dotogether-n
Puzzle,dotogether-o
Puzzle,dotogether-l
Puzzle,dotogether-m
Puzzle,dotogether-j
Puzzle,dotogether-k
Puzzle,dotogether-h
Puzzle,dotogether-i
Puzzle,repeat-ff
Puzzle,doinorder-v
Puzzle,doinorder-w
Puzzle,doinorder-t
Puzzle,doinorder-u
Puzzle,doinorder-r
Puzzle,repeat-ee
Puzzle,doinorder-p
Puzzle,doinorder-q
Puzzle,doinorder-z
Puzzle,doinorder-x
Puzzle,doinorder-y
Puzzle,doinorder-f
Puzzle,doinorder-g
Puzzle,doinorder-d
Puzzle,doinorder-e
Puzzle,doinorder-b
Puzzle,doinorder-a
Puzzle,doinorder-n
Puzzle,doinorder-o
Puzzle,doinorder-l
Puzzle,doinorder-m
Puzzle,doinorder-j
Puzzle,doinorder-k
Puzzle,doinorder-h
Puzzle,repeat-dd
Puzzle,repeat-cc
Puzzle,repeat-bb
Puzzle,repeat-ii
Puzzle,doinorder-bb
Puzzle,integrative-a
Puzzle,integrative-b
Puzzle,integrative-c
Puzzle,integrative-d
Puzzle,integrative-e
Puzzle,integrative-f
Puzzle,integrative-g
Puzzle,integrative-h
Puzzle,integrative-i
Puzzle,integrative-j
Puzzle,repeat-aa
Puzzle,repeat-hh
Puzzle,doinorder-cc
Puzzle,doinorder-s
User,carr-lane-1-AlmondSparkles
User,carr-lane-1-AquaMask
User,carr-lane-1-BananaBubble
User,carr-lane-1-BlueberryCactus
User,carr-lane-1-CandyCrayon
User,carr-lane-1-CinnamonCupcake
User,carr-lane-1-DaintyBunny
User,carr-lane-1-LemonCandy
User,carr-lane-1-ProfessorAstounding
User,carr-lane-1-SkeletonPrism
User,carr-lane-1-StingShadow
User,carr-lane-1-StormMask
User,carr-lane-1-TygaJazzy
User,carr-lane-1-VelvetPrancer
User,carr-lane-1-WolfWoods
User,carr-lane-2-BearSmasher
User,carr-lane-2-BoogiePugs
User,carr-lane-2-CaptainAmazing
User,carr-lane-2-DoubleTrouble
User,carr-lane-2-DubbyFlutters
User,carr-lane-2-DuckyManiac
User,carr-lane-2-FlashThunder
User,carr-lane-2-MadPuppy
User,carr-lane-2-MagicaCyclone
User,carr-lane-2-MicroDragon
User,carr-lane-2-RoseySheep
User,carr-lane-2-ShyLion
User,carr-lane-2-TwinkleStorm
User,carr-lane-2-VanillaSailor
User,carr-lane-2-WhisperingMask
User,compton-drew-data-AprilShowers
User,compton-drew-data-BabyCub
User,compton-drew-data-BrightSky
User,compton-drew-data-BrownBear
User,compton-drew-data-CheeseMonkey
User,compton-drew-data-HotPotato
User,compton-drew-data-MadHatter
User,compton-drew-data-MagicPotions
User,compton-drew-data-MidnightZebra
User,compton-drew-data-MoonStone
User,compton-drew-data-NightWalker
User,compton-drew-data-PinkLeopard
User,compton-drew-data-RedPanda
User,compton-drew-data-RubberDuck
User,compton-drew-data-RubySlippers
User,compton-drew-data-SpaceInvader
User,compton-drew-data-SunFlower
User,compton-drew-data-WaterMarble
User,girlscouts-data-AcuteTriangle
User,girlscouts-data-AprilShowers
User,girlscouts-data-BabyCub
User,girlscouts-data-BrightSky
User,girlscouts-data-BrownBear
User,girlscouts-data-BubbleRing
User,girlscouts-data-BurningMagma
User,girlscouts-data-DreamWeaver
User,girlscouts-data-FireFairy
User,girlscouts-data-JumpingBean
User,girlscouts-data-LittleTeacup
User,girlscouts-data-MagicPotion
User,girlscouts-data-MoonStone
User,girlscouts-data-NightWalker
User,girlscouts-data-PinkLeopard
User,girlscouts-data-RedPanda
User,girlscouts-data-SnowStorm
User,girlscouts-data-SpringBreeze
User,girlscouts-data-StarDust
User,girlscouts-data-SunFlower
User,girlscouts-data-WindBreaker
User,girlsinc-2017-AlmondSparkles
User,girlsinc-2017-AquaMask
User,girlsinc-2017-BlueBraid
User,girlsinc-2017-CinnamonCupcake
User,girlsinc-2017-CloudyPosey
User,girlsinc-2017-DaintyBunny
User,girlsinc-2017-DiamondFly
User,girlsinc-2017-JuicyGlider
User,girlsinc-2017-MidnightFirefly
User,girlsinc-2017-ProfessorAstounding
User,girlsinc-2017-ShimmerFlitter
User,girlsinc-2017-SkeletonPrism
User,girlsinc-2017-SteelShadow
User,girlsinc-2017-StormMask
User,girlsinc-2017-TygaJazzy
User,girlsinc-2017-UltraBane
User,girlsinc-2017-VelvetPrancer
User,full